True y_test,Predicted y_test
0.0,0.020643353
3.0,1.456423
1.0,0.36379388
2.0,0.7886256
0.0,0.88061786
1.0,1.2194877
0.0,0.073029846
2.0,2.7074237
3.0,0.7920995
0.0,0.09928456
0.0,0.24922684
0.0,0.13838488
0.0,0.19932649
4.0,1.4544392
0.0,0.76494336
0.0,0.31698573
0.0,0.607877
1.0,0.81598973
0.0,0.30207667
2.0,0.5396501
1.0,0.839568
4.0,1.960136
2.0,0.23428705
3.0,0.73432875
0.0,0.38391435
3.0,2.1052473
1.0,0.32560286
0.0,1.3894788
0.0,0.35726827
0.0,0.040417343
0.0,0.18238068
0.0,0.4207859
0.0,0.9678308
1.0,0.5122918
2.0,0.57863015
3.0,1.500327
2.0,0.23921706
0.0,1.9271449
1.0,1.1351734
1.0,0.28528482
0.0,0.22956918
3.0,0.58086115
0.0,0.15842402
0.0,0.04581842
0.0,0.16227001
0.0,0.20522706
3.0,1.1867497
4.0,1.4679811
0.0,0.04207781
0.0,0.28607148
0.0,1.2071761
0.0,0.350455
2.0,1.2269807
0.0,1.0090477
0.0,0.21968308
0.0,1.2305982
0.0,1.7115747
1.0,0.5558631
0.0,0.12275997
0.0,0.2025476
0.0,0.025372297
2.0,0.93733
1.0,0.10579243
2.0,2.7690244
1.0,0.7217666
0.0,0.99523234
3.0,1.5952122
0.0,0.85651016
2.0,1.8497463
1.0,1.8791494
0.0,0.5016673
1.0,1.8522791
0.0,0.0058707893
0.0,0.16486865
2.0,1.1767703
1.0,0.22784911
1.0,1.2377603
0.0,0.05001539
0.0,0.24930345
3.0,1.426281
0.0,-0.00568828
4.0,0.3299803
0.0,0.2667268
1.0,0.629397
0.0,0.6622518
0.0,0.13378069
0.0,0.29288498
0.0,0.26177108
3.0,0.2259836
0.0,1.3051823
0.0,0.6337884
0.0,-0.03974825
1.0,1.4205055
4.0,1.5354769
0.0,0.4714804
1.0,0.22252887
1.0,1.4072729
0.0,0.023879915
0.0,0.13365662
0.0,0.6295185
2.0,1.599299
0.0,0.02418217
0.0,0.014467984
1.0,0.94262886
1.0,0.09812868
1.0,1.326646
0.0,0.1445156
4.0,1.2901537
2.0,1.4147176
0.0,0.31643394
0.0,0.25971478
0.0,0.28679642
0.0,0.29504025
0.0,0.6460172
2.0,1.4159921
1.0,0.32929134
0.0,0.8285528
0.0,2.2488306
3.0,2.0341635
1.0,0.31653792
0.0,1.2109332
0.0,1.3087704
3.0,1.6037818
0.0,0.014541626
2.0,1.9650476
0.0,0.37882993
2.0,1.3018247
1.0,1.5512841
0.0,0.06750241
0.0,0.30866978
1.0,0.7723578
0.0,1.284286
0.0,1.4149182
0.0,0.52451223
0.0,0.45688257
4.0,1.4640293
0.0,1.1140356
0.0,1.9178851
0.0,0.2184703
0.0,0.07705769
3.0,1.4877965
2.0,1.7928286
1.0,0.46955633
0.0,0.030545473
0.0,0.5184316
0.0,0.2041847
1.0,1.2344041
1.0,0.6860349
0.0,0.56841624
0.0,0.961879
2.0,0.9445765
2.0,1.2429601
0.0,0.28588402
1.0,0.17912625
3.0,1.0157881
0.0,0.55230206
0.0,0.02166289
3.0,1.5060228
0.0,0.303979
1.0,2.1507654
0.0,1.3322212
0.0,0.2522666
0.0,0.2990396
0.0,0.6897694
0.0,0.18930301
3.0,0.59908354
0.0,0.30215022
1.0,0.89506066
0.0,0.3182356
0.0,0.058262616
0.0,0.25965434
3.0,1.244314
0.0,1.3076607
2.0,0.6636113
1.0,1.3797252
0.0,0.22488008
1.0,1.2175171
1.0,0.24895306
1.0,-0.21343479
2.0,1.0327436
1.0,0.033792883
0.0,0.32359836
1.0,0.9502057
0.0,1.2846864
1.0,0.8467227
2.0,4.33092
3.0,1.7736338
0.0,0.1615712
0.0,0.167602
3.0,1.455034
2.0,0.9631041
0.0,0.741029
2.0,0.9917518
0.0,0.24565338
1.0,0.7660372
0.0,0.19026138
3.0,1.7448616
1.0,0.36260802
0.0,0.12346181
0.0,0.5384051
0.0,0.8971566
0.0,0.24000408
3.0,0.71413434
0.0,0.07315835
0.0,0.24917147
0.0,1.1422702
0.0,0.27574152
0.0,1.6648496
1.0,1.1280217
1.0,0.55820096
0.0,0.20779939
0.0,0.16247264
0.0,0.5312991
1.0,1.6734447
1.0,0.4693028
0.0,0.0891172
0.0,0.26042747
0.0,0.2159537
0.0,0.25788432
2.0,0.7620934
0.0,0.68854165
1.0,0.4341032
1.0,0.8858427
0.0,0.6679505
2.0,0.43769228
1.0,0.4095413
0.0,1.5988133
0.0,1.707006
0.0,-0.046515644
0.0,0.076568425
0.0,0.44107246
0.0,0.27041095
3.0,2.1760647
3.0,1.7170894
1.0,0.8676863
4.0,1.6300734
1.0,0.20023362
0.0,0.2641961
0.0,-0.006905198
0.0,0.12340829
0.0,0.37226325
2.0,1.6783088
0.0,0.16568446
0.0,0.17473854
2.0,1.4115914
0.0,0.85042214
1.0,1.110407
1.0,2.2511275
2.0,1.5971797
1.0,1.2799482
0.0,0.2030175
0.0,0.5594268
0.0,0.05817908
0.0,0.30026358
0.0,-0.0044059753
0.0,1.9308684
0.0,0.21798837
1.0,0.23680103
1.0,0.29976213
0.0,0.24752729
1.0,1.0868615
0.0,0.32816157
0.0,0.13438678
2.0,0.90644467
0.0,0.17809561
1.0,0.33889773
0.0,0.37049603
0.0,0.17391574
0.0,0.14939532
4.0,0.9049815
2.0,1.672853
0.0,0.1313071
0.0,0.25600493
0.0,0.92003584
1.0,0.6785785
0.0,0.60211635
0.0,0.2225888
1.0,0.2019221
0.0,1.2256202
0.0,0.9554496
3.0,1.4259651
0.0,0.3615402
0.0,0.63959
0.0,0.06426382
0.0,0.2987551
4.0,1.4175351
0.0,0.27912614
0.0,0.2534215
4.0,0.8765038
2.0,2.5230153
1.0,0.6140878
0.0,0.7618843
2.0,0.85929835
0.0,1.043379
2.0,1.1993862
0.0,1.0748158
0.0,0.10544038
0.0,0.16252944
1.0,0.09822127
0.0,0.9358487
1.0,0.29494753
3.0,0.3649516
0.0,0.36478648
0.0,0.47071242
1.0,0.40085495
1.0,1.3062474
0.0,0.28168082
0.0,0.31085774
1.0,1.3271133
0.0,0.29280147
0.0,0.6370965
0.0,0.21073903
0.0,0.14965618
0.0,1.052001
0.0,0.18189263
1.0,0.52727306
0.0,0.16294023
1.0,1.1877096
0.0,0.1873266
1.0,0.7087646
0.0,1.448505
0.0,0.20081434
1.0,0.3409589
0.0,0.29577798
0.0,0.17118323
0.0,0.030692697
0.0,0.084344685
1.0,0.873242
0.0,0.37052616
1.0,0.07549286
0.0,0.44168583
2.0,1.407499
0.0,0.50211215
0.0,0.20075323
1.0,1.1205101
1.0,0.6238838
2.0,0.5362875
1.0,0.87306666
1.0,0.25933254
0.0,0.14356792
0.0,0.20336804
0.0,0.20663342
0.0,0.9015012
0.0,0.22066814
4.0,0.88344735
0.0,0.3619792
1.0,0.09278652
1.0,1.3825899
1.0,1.0989703
0.0,0.84697783
2.0,0.2812779
1.0,0.21884266
0.0,0.3354786
0.0,0.13738409
1.0,1.5768532
0.0,0.36413255
1.0,0.9182353
0.0,0.020361215
0.0,0.68387485
1.0,1.6273612
3.0,1.7592285
0.0,0.08019975
0.0,0.33790106
0.0,0.31798196
0.0,0.47919863
0.0,2.1947198
0.0,0.19451198
0.0,0.17618889
0.0,0.6181519
2.0,1.8994855
1.0,1.0550987
2.0,0.8577235
0.0,0.023033291
4.0,2.170987
2.0,1.5059583
2.0,1.700342
0.0,1.3691466
0.0,0.72537506
0.0,0.027841538
0.0,0.22635178
0.0,0.9453573
3.0,1.5114255
0.0,0.32277337
0.0,0.28459087
0.0,0.29622594
0.0,0.39696908
0.0,0.27958345
0.0,0.88673425
0.0,0.63592464
1.0,0.3902236
0.0,-0.04150462
1.0,0.3545757
1.0,1.6941383
4.0,2.3735418
1.0,0.43549046
1.0,1.051271
0.0,0.06319952
0.0,0.10986158
1.0,0.39323345
1.0,0.40979752
0.0,0.8710447
0.0,0.6877593
3.0,1.4676208
0.0,0.41664124
3.0,1.7503866
0.0,0.023195714
1.0,1.0206792
0.0,0.47651663
4.0,1.7496462
0.0,1.159653
2.0,1.8550612
0.0,1.0005374
0.0,0.26361677
0.0,0.35123256
0.0,0.13963273
0.0,0.12022045
1.0,0.8785367
1.0,1.157134
0.0,0.010452032
1.0,0.2767421
0.0,0.88898957
1.0,0.9376308
0.0,0.1197485
0.0,0.8761847
1.0,1.4683884
1.0,1.0896332
1.0,0.3594995
0.0,0.14095548
0.0,0.26143253
0.0,0.26484752
1.0,1.4310908
0.0,0.65918094
0.0,0.3167194
0.0,1.4445937
0.0,1.2835027
0.0,0.9775859
1.0,0.27538067
0.0,0.2616353
1.0,0.3575381
0.0,0.13803902
1.0,1.7767042
0.0,0.91596353
0.0,0.34229225
0.0,1.686313
0.0,1.1472899
0.0,-0.03205028
0.0,0.28394818
1.0,0.9858613
2.0,1.8411624
3.0,0.76416004
0.0,0.32074648
0.0,0.38618833
0.0,0.698771
0.0,0.8697605
0.0,0.1554183
1.0,0.93848014
2.0,1.5856463
4.0,2.1741
1.0,0.7557999
1.0,0.23592876
1.0,1.0742836
0.0,0.08463603
0.0,0.38646242
1.0,0.45098358
0.0,-0.010459602
2.0,0.8280949
0.0,1.019186
2.0,1.3767282
0.0,0.24872191
0.0,1.0710667
1.0,0.9413216
0.0,0.7385835
4.0,1.3959675
0.0,0.28111646
1.0,1.5851396
1.0,0.3812869
2.0,1.513466
0.0,0.31273866
0.0,0.31530678
2.0,0.35024223
0.0,0.25682122
0.0,0.19132167
0.0,1.0578979
1.0,1.0722924
0.0,0.19632348
3.0,0.7133206
0.0,-0.10094419
3.0,1.0714614
1.0,1.1750652
0.0,0.23917352
0.0,0.031223208
0.0,0.27475977
0.0,0.04977566
0.0,1.1092159
0.0,0.2091226
0.0,0.31976315
0.0,0.32270157
0.0,0.13367808
2.0,1.9418899
0.0,0.3197864
0.0,0.19844824
1.0,0.8711618
1.0,0.9823383
0.0,0.4216372
2.0,0.29954454
1.0,0.57551825
2.0,1.2783163
0.0,0.23897846
1.0,0.09918976
0.0,0.1148943
0.0,0.2773647
0.0,0.022474796
0.0,1.2582233
3.0,1.7019466
0.0,0.058621287
1.0,0.079787284
0.0,1.4959922
0.0,0.3122495
1.0,0.24205029
0.0,0.8042834
0.0,0.38401026
0.0,0.12370807
0.0,0.83273625
1.0,0.4475574
1.0,1.5388827
0.0,1.2693042
0.0,0.3178831
0.0,0.33937457
1.0,1.1257111
3.0,0.53511107
1.0,0.31070727
1.0,1.7071811
1.0,0.020544559
3.0,0.24169217
0.0,0.2957977
0.0,0.25215
0.0,1.4676723
1.0,0.087857574
0.0,0.24947557
0.0,1.2175792
0.0,0.14869052
0.0,0.7252625
0.0,0.3743697
1.0,0.25439274
0.0,0.02080378
0.0,0.25635403
0.0,0.25555652
1.0,0.8665607
1.0,0.1983772
0.0,0.18692368
0.0,1.45945
0.0,0.81867826
0.0,0.7212466
2.0,1.3056937
1.0,0.29362452
2.0,1.4590763
1.0,0.041014403
1.0,0.94566643
2.0,0.10253692
0.0,0.35751176
0.0,0.050394595
1.0,1.0197889
0.0,0.3472618
1.0,0.5635966
0.0,0.11338395
2.0,1.8431994
0.0,0.981207
0.0,0.16082036
2.0,1.4174768
0.0,0.40443048
0.0,0.8166568
0.0,0.33713552
0.0,0.14278862
0.0,0.8999827
2.0,0.52529454
2.0,2.1929393
0.0,0.7358573
2.0,1.3269979
4.0,1.5198982
0.0,0.1880362
2.0,0.9141891
0.0,0.064144224
3.0,1.3377521
0.0,0.32076102
0.0,0.23349825
0.0,0.9492924
0.0,1.5090777
1.0,0.63773143
0.0,0.21996301
1.0,0.7106137
1.0,0.35567686
0.0,1.2810094
0.0,0.27141303
1.0,0.5497562
0.0,0.41102678
1.0,0.2356651
1.0,0.25716534
1.0,0.22372657
4.0,1.3906498
3.0,1.2644922
0.0,0.6214145
0.0,0.22115318
0.0,0.08684239
1.0,0.43666115
1.0,0.23115303
1.0,0.07162258
0.0,0.11314461
0.0,0.030680627
3.0,1.6037484
1.0,0.61710376
0.0,0.5376492
0.0,0.28583086
0.0,-0.011597306
0.0,0.105970174
1.0,0.26604038
0.0,0.7733636
0.0,0.6016691
0.0,2.0066893
0.0,0.09904191
0.0,0.098938614
1.0,1.4855285
0.0,2.03318
2.0,1.0310881
2.0,1.327448
0.0,0.03867197
0.0,0.25892973
1.0,0.101315945
0.0,0.11738089
3.0,1.8641385
0.0,0.39119697
1.0,0.31640267
0.0,1.7932189
0.0,0.061932564
0.0,0.3511572
0.0,0.4684884
3.0,1.0807054
0.0,0.14511746
2.0,0.23786125
0.0,0.9717897
1.0,0.31724444
0.0,0.12682658
0.0,0.62005204
0.0,0.38393632
3.0,1.4257329
0.0,0.25884914
1.0,0.044259876
4.0,1.3778999
1.0,1.7617786
0.0,0.046891898
1.0,1.5005407
0.0,0.1578758
1.0,0.94852793
0.0,0.2927276
0.0,0.24462852
0.0,0.3209954
0.0,0.22158758
1.0,1.1203387
4.0,0.38029546
0.0,0.06166196
2.0,1.358414
0.0,0.25136542
0.0,0.48468453
0.0,0.34084204
0.0,0.30297342
0.0,0.65542924
0.0,1.6391574
1.0,2.124967
1.0,1.37892
3.0,1.4011025
0.0,1.1571444
0.0,0.27723002
2.0,1.4850711
0.0,1.199967
0.0,0.5400038
1.0,1.7660612
2.0,0.7961451
0.0,0.3968359
0.0,0.24112764
2.0,0.8312859
0.0,0.23268348
0.0,0.1784628
2.0,1.6812171
2.0,1.1891356
4.0,1.1294918
2.0,1.2750732
0.0,0.52002084
0.0,0.9169012
0.0,1.2017617
1.0,1.5704585
0.0,1.210093
0.0,0.5663887
0.0,0.4860411
1.0,0.50885284
1.0,0.09250003
0.0,1.4879681
0.0,0.2038159
2.0,0.41145635
0.0,0.14441839
0.0,0.82683975
0.0,0.24595582
0.0,0.53624654
0.0,0.11675501
0.0,0.03436002
2.0,0.767637
0.0,0.31989345
0.0,0.30885217
0.0,0.13092414
0.0,0.24534847
0.0,0.1701799
0.0,0.4446208
1.0,0.15480989
1.0,0.4338447
1.0,0.38212213
2.0,1.9622636
2.0,1.7267671
0.0,0.30131793
0.0,0.11184636
0.0,0.6216222
0.0,0.105486125
3.0,0.32018828
0.0,0.40050432
3.0,1.7685789
0.0,0.46089536
1.0,0.4608848
4.0,0.93768346
0.0,0.16486612
0.0,0.40844947
0.0,0.105900556
0.0,0.95480907
1.0,1.9884712
0.0,2.047624
0.0,1.0049464
0.0,0.38813803
0.0,1.2449721
0.0,0.17038834
1.0,0.8678081
0.0,1.5729997
3.0,1.7867444
1.0,0.2129105
0.0,1.1487826
0.0,0.77332056
0.0,0.14284188
1.0,0.31767905
0.0,0.171188
0.0,1.1595196
1.0,1.1559013
0.0,0.3524951
0.0,0.69650286
0.0,0.39586216
2.0,1.2517792
2.0,0.8473308
2.0,1.7346042
0.0,0.19639163
0.0,0.4107984
0.0,0.32005808
0.0,0.33865502
0.0,0.21574065
0.0,1.2654026
0.0,0.24216639
1.0,1.925981
1.0,1.6175445
2.0,0.5939815
1.0,0.9049784
0.0,1.2302473
0.0,0.08873245
2.0,1.6624322
0.0,1.012279
3.0,1.5689315
0.0,0.07996282
0.0,1.0543754
0.0,0.08943841
2.0,0.65257645
2.0,1.58827
1.0,0.30206022
2.0,0.042646438
0.0,0.40108255
0.0,0.18982092
0.0,0.00045889616
0.0,1.0257828
0.0,0.18055928
0.0,1.388877
1.0,0.70956004
1.0,1.2754498
0.0,1.1318402
1.0,1.5364369
3.0,0.67199934
1.0,1.1015816
3.0,1.5904559
0.0,1.0679063
1.0,1.0299207
0.0,0.8422221
0.0,0.27629572
0.0,0.32711956
1.0,0.70697534
0.0,0.9837061
0.0,0.26192647
0.0,0.23054802
0.0,0.37587154
0.0,0.43304184
0.0,0.08591357
2.0,0.7959337
0.0,0.3125862
0.0,0.2555714
1.0,0.8095535
4.0,1.2316831
0.0,0.24430034
1.0,0.8978582
0.0,0.26020417
0.0,0.3431454
0.0,0.027166933
0.0,0.08340478
0.0,0.2820481
0.0,-0.016442955
0.0,0.19692971
0.0,1.0280877
1.0,0.9721595
0.0,0.1483823
0.0,1.6475055
0.0,1.2322966
0.0,0.78597045
1.0,1.1835938
0.0,0.2016511
3.0,1.512191
0.0,0.18621151
0.0,0.25167447
0.0,0.75768745
1.0,1.1647028
0.0,0.27425903
0.0,0.3544453
0.0,0.0038999617
1.0,1.1438776
0.0,0.22609922
0.0,0.6938545
4.0,1.3165003
2.0,1.6830592
0.0,0.11800331
1.0,0.5252126
0.0,0.33794042
1.0,0.22741242
1.0,0.29717776
0.0,0.10278669
2.0,1.6138024
1.0,1.1798065
1.0,0.28598905
0.0,1.315071
2.0,1.0671893
0.0,0.22190152
0.0,0.31935033
2.0,1.3280361
3.0,1.0074588
1.0,0.15751135
0.0,0.49462914
0.0,0.62216544
0.0,0.12902966
3.0,1.4389538
1.0,1.2208761
1.0,1.31081
3.0,1.3143628
0.0,0.39570308
0.0,0.18766522
0.0,0.39345074
0.0,0.0028689802
0.0,0.16770327
1.0,0.040744275
0.0,0.013678908
1.0,1.8970026
1.0,0.76355445
0.0,0.52293843
0.0,0.2713461
0.0,0.24020088
0.0,0.3481147
2.0,1.6816264
0.0,0.09329134
1.0,1.2255198
1.0,0.11779308
1.0,0.11222902
2.0,1.5209907
0.0,0.24869879
1.0,1.6241242
1.0,0.77027625
0.0,1.2232522
0.0,0.18410239
1.0,0.16645113
0.0,0.15567437
0.0,0.3037768
0.0,0.7492794
1.0,0.2795649
0.0,0.1228109
0.0,0.70272136
1.0,2.2821064
0.0,0.21761651
0.0,0.2569816
0.0,0.012980193
0.0,0.46673492
2.0,1.7353638
0.0,0.67086303
0.0,0.7245357
0.0,-0.0017121434
1.0,0.25071895
0.0,1.1002163
0.0,0.3709583
0.0,0.0073628128
4.0,1.7946409
1.0,1.073078
0.0,0.2964329
1.0,0.6935682
0.0,0.020757735
2.0,1.3217552
0.0,0.01674831
0.0,0.21387877
0.0,0.31838602
0.0,0.9418335
0.0,0.31560862
1.0,1.0052422
2.0,0.860234
0.0,0.018828511
2.0,2.1814916
0.0,0.2600356
0.0,0.75593555
1.0,0.30492964
0.0,0.64257276
0.0,0.9376502
0.0,1.6789213
0.0,0.4506596
0.0,0.22806852
0.0,0.6251943
0.0,0.25242728
0.0,1.4625438
0.0,0.07639155
0.0,0.6999115
0.0,1.043064
0.0,0.17799887
1.0,0.5075684
0.0,1.2578254
0.0,0.720521
0.0,0.309927
1.0,0.24885371
0.0,-0.0041565597
2.0,2.2886066
0.0,-0.030637443
0.0,0.288193
2.0,1.9211404
0.0,0.31937194
0.0,0.5379509
0.0,1.1371502
0.0,0.3373892
0.0,0.23778176
1.0,0.99964595
0.0,0.020915538
0.0,0.8777658
1.0,1.2410178
2.0,0.9343041
0.0,0.8103926
1.0,0.30553547
0.0,0.89285254
2.0,0.90278256
0.0,0.029784322
2.0,1.1788979
0.0,0.25390458
1.0,0.9299046
1.0,0.21123022
1.0,0.13764706
0.0,0.63476384
4.0,0.27490675
0.0,0.107829064
1.0,2.6348724
0.0,0.06814769
0.0,0.2739045
1.0,0.6121851
1.0,0.32102633
0.0,0.033377916
1.0,0.034023553
0.0,0.21977495
0.0,0.65679634
0.0,0.58121395
0.0,0.6790266
2.0,0.33986413
1.0,0.20915453
0.0,0.23376194
0.0,0.33592185
0.0,0.2274284
0.0,1.2544485
0.0,0.44011563
4.0,0.31484047
0.0,1.1352295
0.0,0.9367422
3.0,1.3651261
0.0,0.8119049
0.0,0.24106531
0.0,0.23652142
2.0,1.6771077
0.0,1.5024384
0.0,0.08261213
0.0,0.38337803
0.0,0.3396528
0.0,0.30231288
0.0,0.65720594
3.0,1.2484143
0.0,2.0967374
2.0,1.003848
0.0,0.23463036
0.0,0.9098756
1.0,1.5853696
0.0,1.0089778
1.0,0.19061248
2.0,1.0750287
0.0,0.2691504
0.0,0.2580527
2.0,0.9594681
0.0,0.6555884
1.0,0.8610053
0.0,0.08658698
0.0,0.5973581
0.0,1.4620457
0.0,0.16888037
3.0,1.648356
1.0,0.35182416
0.0,0.31554693
1.0,1.1993035
1.0,1.2779841
2.0,1.347388
1.0,0.76547146
3.0,1.1735206
2.0,1.0251107
1.0,0.6926788
2.0,1.5112071
1.0,1.5708846
1.0,0.4028701
0.0,1.1356127
0.0,1.1569519
0.0,0.10497862
0.0,0.4072831
0.0,0.17976794
1.0,0.96503544
1.0,1.8077949
0.0,0.37979805
0.0,0.26789412
1.0,0.08054912
0.0,0.06260663
0.0,0.29360265
0.0,0.08311662
0.0,0.21760266
1.0,0.36594978
0.0,0.5435293
3.0,1.0320863
0.0,0.028926194
0.0,1.1335514
0.0,0.11896011
1.0,-0.003928691
4.0,1.6389254
0.0,0.18212743
1.0,1.1158792
0.0,0.33231333
0.0,0.036525458
0.0,0.12388134
0.0,0.9667171
1.0,0.7269962
0.0,0.44778958
0.0,0.17564458
0.0,0.22514008
0.0,1.125024
0.0,0.30870974
1.0,0.21582872
0.0,1.0724583
1.0,0.664879
0.0,0.18172126
0.0,0.38461393
4.0,1.2201865
2.0,0.32327598
0.0,0.14693561
0.0,0.11534715
0.0,0.30578497
0.0,0.44217718
0.0,0.3745529
1.0,0.88753456
1.0,0.9560975
0.0,0.2511849
0.0,0.20382263
0.0,0.17120284
0.0,0.7212188
1.0,1.2855908
0.0,0.30385694
0.0,0.39369372
1.0,0.7839831
0.0,0.6065335
1.0,0.79608667
0.0,1.7188348
0.0,1.1249548
0.0,0.013805479
2.0,1.1723399
0.0,0.80783224
1.0,1.0011243
2.0,1.6862009
1.0,0.24535105
1.0,0.8275955
0.0,0.16099745
0.0,0.14593658
0.0,0.37066218
0.0,0.35608336
0.0,0.30001903
4.0,0.5682243
0.0,0.30974156
1.0,0.80042934
0.0,0.16444683
0.0,0.05617252
0.0,0.16631058
0.0,0.29178134
0.0,0.86653054
1.0,0.6052013
0.0,0.34597078
2.0,1.7218013
4.0,0.3077644
0.0,0.96288145
1.0,1.2783867
0.0,0.31771517
1.0,1.1172123
1.0,1.2486075
0.0,0.36167115
2.0,1.3780754
0.0,0.69332504
1.0,1.0980191
0.0,0.71638036
0.0,0.21034455
2.0,0.81190467
0.0,0.26801538
0.0,0.94152856
0.0,0.024350643
0.0,1.1979469
4.0,1.21792
0.0,0.054296434
1.0,0.76562285
0.0,0.3071898
2.0,0.22116491
0.0,0.31418887
0.0,0.1992766
1.0,1.4796762
0.0,0.03178075
2.0,1.1842117
1.0,0.84300405
1.0,0.8209418
0.0,1.1896489
0.0,0.6125725
1.0,0.23890482
0.0,0.0032278597
3.0,1.2417406
2.0,1.420091
0.0,0.25491327
0.0,0.25014746
0.0,0.80715203
0.0,0.19159125
0.0,0.1862958
0.0,0.37407994
1.0,0.12469575
0.0,0.5504455
0.0,1.5428925
1.0,0.9907851
2.0,1.5802606
0.0,0.75680757
1.0,0.55367947
0.0,0.32247436
0.0,1.0528827
0.0,0.3330337
2.0,1.6027089
0.0,2.0968733
0.0,1.0348475
0.0,0.11814767
2.0,1.6994625
1.0,0.92273974
0.0,0.93466604
0.0,0.4747628
0.0,0.24150063
1.0,0.64777595
0.0,0.03915444
0.0,0.13812485
0.0,0.18595605
3.0,2.0096383
0.0,0.20353688
0.0,0.009074181
1.0,1.8081944
2.0,1.4544584
0.0,0.3153318
0.0,0.16044024
0.0,0.31843084
0.0,0.1253865
2.0,1.3917041
0.0,0.5639879
0.0,0.078557044
0.0,0.15768793
0.0,1.0562936
1.0,1.2060151
1.0,1.514704
0.0,0.77329195
0.0,0.9585743
2.0,1.1451355
0.0,0.40996647
0.0,0.04800135
0.0,0.13435271
0.0,0.35746592
1.0,0.50033915
0.0,0.0031983256
0.0,0.41411003
1.0,0.065163225
0.0,2.107532
0.0,0.21727738
0.0,-0.01205039
1.0,0.81752014
1.0,1.1405154
0.0,0.3337841
1.0,0.27277035
0.0,1.171096
0.0,0.34901702
1.0,0.26998174
2.0,0.6142361
2.0,1.3127415
0.0,0.4727158
1.0,0.1898852
0.0,1.178825
0.0,0.1253596
1.0,0.05977252
0.0,1.8831457
0.0,0.3033192
1.0,0.94734704
1.0,1.4444848
0.0,0.22607344
0.0,-0.10745636
0.0,0.33218038
0.0,0.009556174
3.0,0.19107877
2.0,0.28135598
0.0,0.27980953
0.0,0.4488437
4.0,1.2365855
1.0,1.851201
1.0,0.29357553
4.0,1.280629
0.0,0.27172834
0.0,0.34278032
0.0,0.1561316
2.0,3.030634
0.0,0.11539531
1.0,0.2399103
0.0,0.073085636
0.0,0.23680393
0.0,0.29785997
1.0,1.132699
1.0,0.8325597
0.0,0.15654767
1.0,1.3525053
1.0,1.0515958
2.0,1.3582972
0.0,0.25996935
0.0,1.4468967
0.0,0.0073964
0.0,0.6387334
2.0,1.0183625
2.0,0.23500109
2.0,1.6203338
0.0,0.99652934
1.0,0.5801223
3.0,0.97367
2.0,1.1862662
0.0,1.2174386
4.0,0.97593975
0.0,1.3164119
1.0,1.591111
2.0,0.78147376
0.0,0.09014201
0.0,1.0699452
2.0,1.9856167
0.0,0.21888071
0.0,-0.02875182
1.0,0.5677637
0.0,1.1948942
2.0,1.1925076
0.0,0.5200554
0.0,0.07453069
0.0,0.30502838
0.0,1.3740803
1.0,0.22699085
0.0,0.08434415
0.0,0.4216372
3.0,1.8186476
0.0,0.2799597
0.0,0.24255984
0.0,0.20837674
0.0,0.3344745
0.0,0.8358761
0.0,0.5730737
1.0,0.474414
0.0,0.2506441
0.0,0.12899968
2.0,1.7321733
0.0,0.13622412
0.0,0.16278943
2.0,0.514411
0.0,0.010537654
2.0,0.8414074
0.0,0.21713492
2.0,1.3384279
1.0,1.7498952
0.0,0.33542854
0.0,0.2666652
0.0,0.952003
0.0,0.7109028
0.0,1.1268251
0.0,0.2985639
0.0,0.38072133
0.0,-0.012629539
0.0,0.8522949
1.0,0.08769366
1.0,0.9486718
4.0,1.2824128
0.0,0.14669165
0.0,0.26670268
0.0,0.27923185
1.0,0.29767168
2.0,1.1269155
3.0,1.7554967
1.0,1.4629782
0.0,1.0987818
0.0,0.11201683
0.0,0.1518158
0.0,0.20932667
1.0,1.9969656
2.0,0.28242975
2.0,1.3113681
1.0,1.4046394
0.0,0.3349901
1.0,1.2567762
0.0,0.12539685
1.0,0.6973796
0.0,0.06738967
0.0,1.1815884
1.0,0.4353422
1.0,0.799972
0.0,0.93412113
1.0,1.14126
0.0,0.9006063
1.0,1.4838227
0.0,0.1944269
0.0,0.47820666
3.0,0.62242794
1.0,1.5362897
0.0,0.57104087
0.0,0.32951456
0.0,0.46893182
0.0,0.64953953
1.0,1.6349659
1.0,0.41810668
0.0,0.30196851
1.0,1.439668
2.0,0.8494085
0.0,1.1923095
0.0,0.29110307
0.0,0.2818449
3.0,1.4380708
1.0,0.5621116
0.0,0.22964773
0.0,0.14613894
2.0,2.1762934
0.0,0.2491559
1.0,1.3131745
0.0,0.18691947
0.0,0.641858
0.0,0.3582715
0.0,0.19094902
2.0,1.1742296
0.0,0.3202873
0.0,-0.23914102
0.0,1.0936077
1.0,0.17257242
0.0,1.7105803
1.0,1.301136
0.0,0.121007055
0.0,0.7483964
0.0,0.19571373
0.0,0.5396643
0.0,0.3144276
1.0,1.7107339
2.0,1.6439663
0.0,1.0834935
0.0,0.35998592
0.0,0.19156195
0.0,0.16473019
0.0,1.2296776
4.0,1.6243322
0.0,0.79973793
0.0,1.5419774
1.0,0.28415507
0.0,0.14299342
0.0,0.27710912
1.0,0.025703639
1.0,0.27943015
0.0,0.37088284
0.0,0.33196574
1.0,1.4747463
1.0,0.59671867
0.0,0.2974006
0.0,0.06962964
0.0,1.4433234
3.0,1.523957
2.0,1.4563404
0.0,0.1765759
0.0,0.3288538
1.0,0.33685964
2.0,1.4301604
0.0,0.3201077
0.0,0.23144212
0.0,0.37150636
3.0,1.7514929
1.0,1.0552083
0.0,-0.083966166
0.0,0.6444941
4.0,1.3656433
1.0,0.13418758
1.0,0.9338784
0.0,0.6918614
0.0,0.07124421
0.0,0.060628504
0.0,0.7891434
4.0,1.6439592
1.0,1.1187328
1.0,0.30040795
3.0,0.51197976
0.0,0.2919292
0.0,0.31899545
1.0,0.64467514
0.0,0.17253137
1.0,0.26111478
0.0,0.49438545
0.0,1.9374325
0.0,0.80091226
3.0,2.0036798
0.0,-0.025456548
0.0,0.3056347
3.0,0.7229336
0.0,0.069255084
1.0,0.7061895
1.0,0.04837057
0.0,0.07894379
3.0,0.9486619
4.0,0.47257322
4.0,1.5077934
0.0,0.7154263
0.0,0.07168028
0.0,0.23424225
1.0,1.1164261
1.0,1.0122774
0.0,0.4771975
0.0,0.8903625
0.0,0.27729195
1.0,1.2776672
1.0,1.0747826
0.0,1.3959925
1.0,0.23340721
0.0,0.81614685
0.0,0.4255771
0.0,0.55503035
2.0,1.1499373
0.0,0.19398797
1.0,0.27372313
1.0,0.8798002
0.0,0.2772501
1.0,0.64807224
0.0,1.4550118
2.0,1.2550333
2.0,0.4557202
2.0,1.4712327
1.0,-0.055587918
1.0,0.8019719
0.0,0.2983228
0.0,0.46866134
1.0,1.0097278
0.0,1.2866375
2.0,1.1379389
4.0,0.4216372
0.0,1.0478905
0.0,0.20941661
1.0,2.5717342
1.0,0.9336784
0.0,0.21772239
3.0,1.4145062
0.0,0.47388622
0.0,1.3633053
0.0,0.18711805
0.0,0.03864202
2.0,1.0798632
3.0,1.3784493
2.0,0.8818191
0.0,0.8983182
1.0,0.23681235
0.0,0.20896858
1.0,0.26820382
0.0,1.5076178
0.0,0.71204543
0.0,0.20843719
0.0,0.98986006
1.0,0.25014144
2.0,1.5587757
0.0,0.75266236
1.0,0.24998555
0.0,0.2289717
0.0,0.01952663
2.0,1.2440847
1.0,1.1529734
0.0,1.389575
4.0,2.0396836
4.0,1.9267677
0.0,0.3193932
0.0,0.59855604
0.0,0.9719697
0.0,0.06314704
0.0,0.29160732
0.0,0.14238873
0.0,1.1197445
1.0,0.5030132
0.0,0.1003544
0.0,0.22583812
0.0,1.0834365
0.0,0.27201962
1.0,1.4362868
0.0,0.30297613
1.0,0.29022974
0.0,0.29674393
1.0,0.9084786
3.0,1.5430626
2.0,0.33397824
0.0,0.25827593
0.0,0.2848366
1.0,0.86711663
4.0,0.6893173
0.0,0.18747593
0.0,0.8025055
0.0,0.34751937
1.0,0.6509534
1.0,0.08178148
2.0,0.9886335
2.0,1.1631489
2.0,0.5195227
0.0,0.0121361315
0.0,0.32929355
0.0,0.034362197
1.0,1.1195942
2.0,1.3215383
1.0,0.29150152
0.0,0.29149297
1.0,1.0922301
0.0,0.10981998
1.0,0.113470286
2.0,1.2290465
1.0,0.03289196
0.0,1.228028
0.0,-0.51617944
1.0,0.7643304
1.0,0.089164644
4.0,1.8597019
1.0,0.26725832
1.0,1.2207808
0.0,0.07690045
0.0,-0.0188075
1.0,0.7912485
1.0,1.2065225
1.0,-0.02350396
0.0,0.22152165
0.0,0.7446188
0.0,0.98805976
0.0,0.31890714
0.0,-0.004484564
1.0,0.29399163
0.0,0.24029128
0.0,0.62935126
0.0,0.041184872
4.0,0.34169826
0.0,0.08064732
0.0,0.68019986
2.0,1.2339193
0.0,0.17135713
0.0,1.080085
0.0,0.20477343
1.0,0.8472511
1.0,0.84683144
0.0,0.24234161
1.0,0.036110014
2.0,1.4152052
0.0,0.105775386
0.0,-0.01684311
1.0,0.44643182
0.0,1.0404552
0.0,0.1792849
0.0,0.047629803
0.0,1.2624598
0.0,0.36128405
0.0,0.966483
0.0,0.16032657
0.0,0.38961846
0.0,0.32168457
1.0,1.1498257
0.0,0.02103582
0.0,-0.021538973
0.0,0.3599126
1.0,0.08478412
0.0,0.1556308
1.0,0.07694951
3.0,1.3999685
0.0,0.4436974
0.0,0.019098073
1.0,0.046579033
1.0,0.45298722
1.0,1.7588234
0.0,0.3376475
0.0,1.1138637
0.0,0.7898062
1.0,0.43067062
0.0,0.27828774
0.0,0.5690291
0.0,0.1083377
0.0,0.026263446
0.0,0.23823065
1.0,0.078386694
1.0,0.21950243
1.0,1.5992649
0.0,0.7997793
0.0,0.38106152
0.0,1.0682718
0.0,0.188302
1.0,1.5195185
0.0,1.3047223
1.0,0.25046462
1.0,0.7238846
0.0,0.46452218
3.0,1.5878079
0.0,0.5532482
0.0,1.0185901
0.0,0.27781498
0.0,0.021016836
0.0,0.17204082
0.0,0.1532354
0.0,0.3389833
0.0,0.25565708
1.0,0.617086
1.0,0.3358186
2.0,0.6692566
0.0,0.480832
0.0,0.994964
0.0,0.60622764
0.0,0.6982589
0.0,0.29115367
0.0,0.3659637
1.0,1.9438968
2.0,1.8049431
0.0,0.15555498
0.0,0.286525
0.0,0.32633293
0.0,0.2719791
0.0,0.21304525
0.0,0.2670233
0.0,0.2701899
1.0,0.3645353
0.0,0.2809087
1.0,0.11724201
1.0,0.9645747
1.0,0.2128501
1.0,0.13762689
0.0,0.30790687
0.0,0.006820053
0.0,0.047299862
2.0,1.2215497
2.0,1.7921187
1.0,0.59599596
0.0,0.22604604
1.0,0.7135403
1.0,0.12345001
3.0,1.3774462
4.0,1.1001799
1.0,0.6794443
0.0,0.19952554
2.0,2.0946653
0.0,0.32931587
0.0,0.9996034
1.0,0.123963565
4.0,1.929029
0.0,0.75079036
0.0,0.27304173
0.0,0.1273906
0.0,1.6746154
0.0,-0.022798985
0.0,0.92829823
0.0,0.26453274
1.0,0.28494552
0.0,0.25043994
2.0,1.9713625
0.0,0.26494464
0.0,0.25198328
0.0,0.30006298
1.0,0.6012182
0.0,0.28928056
1.0,1.3952256
0.0,-0.0203619
0.0,0.32175118
1.0,1.1908722
0.0,2.0677226
1.0,1.770546
0.0,0.2123725
0.0,0.33628953
1.0,0.15764412
0.0,0.17191505
0.0,0.14657342
1.0,0.051385492
3.0,0.058317035
1.0,0.39388904
1.0,1.4660686
0.0,0.24190515
0.0,0.17049363
3.0,1.5528239
2.0,1.0000254
0.0,0.052962273
2.0,1.9349104
1.0,0.39588162
0.0,0.36524785
0.0,0.20415775
0.0,0.110106826
0.0,0.12289196
0.0,1.278711
1.0,1.234718
0.0,0.9305358
0.0,0.30997443
1.0,0.84083265
0.0,0.24553832
3.0,0.50582355
1.0,0.88583946
0.0,-0.007833362
1.0,1.0583826
1.0,1.5895139
0.0,1.3754399
0.0,0.29986763
0.0,0.2955473
0.0,0.9671254
0.0,0.11292687
2.0,2.092848
1.0,1.0959082
0.0,1.619131
0.0,0.65275395
0.0,0.32376915
0.0,0.28403133
0.0,0.09455928
0.0,0.033876806
1.0,2.1622598
1.0,0.2164407
0.0,0.039862365
2.0,1.7115684
3.0,1.8304924
0.0,0.09615883
0.0,0.9218564
0.0,0.14505583
0.0,0.6504278
1.0,1.0345992
0.0,0.23876774
3.0,2.5136654
0.0,0.2414358
0.0,1.1108419
1.0,1.224877
0.0,0.08999416
0.0,0.55974716
1.0,0.19475101
1.0,0.44331405
0.0,-0.01719284
0.0,0.30041772
1.0,0.30401763
0.0,0.10353851
0.0,0.3163511
1.0,0.8520231
0.0,1.0808235
0.0,0.6445753
0.0,0.90361357
0.0,1.2533684
0.0,0.044320375
1.0,0.72681713
3.0,2.094973
0.0,0.44258595
1.0,1.2246996
2.0,1.0019859
0.0,2.45054
0.0,0.28489125
0.0,-0.008842617
3.0,1.5455599
0.0,0.20532778
0.0,0.18779889
0.0,0.5135828
1.0,0.034375995
2.0,1.9950395
1.0,0.7976702
0.0,0.027402967
0.0,0.22758777
0.0,0.06492296
0.0,0.0233967
0.0,0.28125727
0.0,0.290795
0.0,0.24116953
0.0,0.66175264
2.0,0.843382
0.0,-0.009943187
1.0,0.19816594
1.0,1.2526399
0.0,0.36149502
2.0,1.1708825
0.0,0.90005267
3.0,1.9289713
1.0,0.82265484
2.0,2.9146042
0.0,0.19370276
1.0,1.0933032
3.0,1.3301232
3.0,1.2875447
0.0,-0.0047994554
3.0,0.502616
2.0,1.7077427
0.0,0.1962887
2.0,1.5340968
0.0,0.009839922
0.0,0.18369515
0.0,0.8233954
1.0,1.4615741
1.0,0.7944318
0.0,0.6176524
0.0,0.30351686
4.0,1.4410189
4.0,1.5193075
0.0,0.22582749
1.0,1.1430663
0.0,0.16357037
2.0,1.414606
0.0,1.1567
0.0,0.28530383
0.0,0.07489437
0.0,0.5644705
0.0,0.80292714
0.0,0.07142535
3.0,1.9951129
0.0,0.6012231
1.0,0.351573
1.0,0.9488512
0.0,0.21820766
1.0,0.2941578
0.0,0.2687745
0.0,0.28887802
0.0,0.31528187
4.0,0.69728506
2.0,1.9119223
0.0,1.110407
0.0,1.101838
0.0,0.11272037
0.0,0.07610759
0.0,0.47977468
1.0,0.29411343
0.0,1.148189
0.0,0.37376332
0.0,0.21152052
0.0,0.3217957
4.0,0.6562823
0.0,0.17208707
1.0,2.291417
0.0,1.4071573
1.0,0.839479
0.0,1.0897439
2.0,1.8787565
2.0,0.47627866
0.0,0.29267228
0.0,0.09338802
0.0,0.7538618
0.0,0.58157134
1.0,0.27027094
1.0,0.3126803
3.0,0.71781087
0.0,0.15743884
0.0,1.1663655
3.0,1.7850128
0.0,0.2142994
0.0,0.5032745
1.0,1.0817597
0.0,1.1049703
3.0,1.6947054
1.0,1.822802
1.0,0.18349022
2.0,1.9933051
0.0,-0.040766686
0.0,0.23728803
2.0,0.7719771
0.0,0.22350407
3.0,0.8362782
0.0,0.72425103
1.0,0.36972132
1.0,0.25878713
2.0,1.5744832
1.0,0.414528
0.0,1.0562699
0.0,0.31951517
2.0,0.5401176
1.0,0.4310254
1.0,0.24784078
0.0,0.25858292
0.0,0.847154
0.0,1.2079176
0.0,1.300701
1.0,0.99854314
0.0,0.19397275
1.0,0.344765
0.0,0.45176718
1.0,0.096592814
0.0,0.01648441
1.0,0.53801185
4.0,2.1734693
0.0,0.2817399
3.0,1.4539324
0.0,0.8732357
1.0,1.0063742
0.0,-0.0081155
1.0,0.33113536
2.0,2.4320354
0.0,0.24030489
1.0,0.060323596
0.0,0.06943372
1.0,0.76476383
0.0,0.21220814
1.0,1.3482833
1.0,1.4663379
0.0,1.5076036
0.0,3.0101
1.0,1.8190173
0.0,0.21658099
2.0,1.6680956
1.0,0.83860946
0.0,0.80606496
0.0,0.34371966
2.0,0.709553
0.0,0.079413384
0.0,0.053854436
1.0,0.3929759
0.0,1.5668392
0.0,0.100899905
0.0,0.9524224
0.0,0.30646372
0.0,0.56919867
2.0,0.75788057
1.0,0.46620435
0.0,0.79385114
0.0,1.2630967
0.0,0.15472642
0.0,0.9505354
0.0,0.297085
0.0,0.22283013
0.0,1.1674492
1.0,0.34296542
1.0,0.24706002
0.0,0.12769401
0.0,0.91076887
2.0,1.2018889
0.0,0.18019068
0.0,2.4020329
1.0,1.8607024
2.0,0.11392903
0.0,0.03162396
1.0,0.20475015
0.0,-0.4847581
1.0,0.07761726
0.0,0.008879036
2.0,1.6460086
0.0,1.209991
1.0,0.78241825
0.0,0.22922426
0.0,0.2503367
2.0,0.29527852
0.0,0.036283612
0.0,0.10785684
0.0,0.83662295
0.0,0.12649786
0.0,0.7503422
0.0,1.599212
0.0,0.24516864
0.0,0.10512081
0.0,0.13249883
0.0,0.34193805
0.0,0.5348016
0.0,0.27916938
1.0,0.34360754
1.0,0.2662771
1.0,0.24184066
2.0,1.9667503
0.0,0.21040297
1.0,0.73998237
0.0,0.68177456
0.0,0.3002526
1.0,1.322022
0.0,0.2899345
1.0,1.2872503
0.0,0.27366316
0.0,0.10864341
2.0,1.4649515
0.0,0.23996836
1.0,1.2302611
0.0,0.22836164
0.0,0.871774
4.0,2.6111739
0.0,0.4346546
1.0,0.96952355
0.0,2.0952795
0.0,0.23024084
1.0,0.30702102
1.0,1.4171274
3.0,1.5046014
2.0,0.87533104
0.0,0.20613389
1.0,1.037995
0.0,0.5532628
0.0,0.27038258
0.0,0.43644413
0.0,1.204491
0.0,0.4623706
0.0,0.63228106
2.0,1.1348171
2.0,1.128587
2.0,0.31658766
0.0,0.27108878
1.0,0.33277267
1.0,1.0917159
2.0,1.1202751
0.0,0.33089423
1.0,0.106334776
0.0,0.5757897
2.0,0.5198594
0.0,0.879575
2.0,1.2214673
0.0,0.20900425
0.0,0.37050974
1.0,0.753464
0.0,0.25958753
1.0,1.0058616
1.0,1.1386819
2.0,1.8197442
1.0,2.0227785
0.0,-0.0017184913
1.0,0.17742263
0.0,0.29899976
0.0,0.01473245
0.0,-0.15935227
0.0,0.7437742
4.0,1.3146925
0.0,0.2192573
0.0,0.17057103
0.0,0.3983758
1.0,1.4518502
0.0,0.19101055
1.0,0.25698563
0.0,0.11649081
2.0,0.9700241
0.0,0.058366746
0.0,0.26009303
0.0,0.3393858
0.0,1.0335029
0.0,0.7660452
0.0,0.22818539
0.0,0.24713144
0.0,1.197762
0.0,0.3365347
0.0,0.36809662
3.0,1.0904301
0.0,0.5040573
0.0,0.21590672
4.0,1.1192614
0.0,0.2911716
0.0,0.3538679
0.0,0.09108797
0.0,0.10129315
0.0,0.8256989
2.0,1.8683805
0.0,0.88902986
1.0,0.47290844
0.0,0.6207466
2.0,0.6324153
0.0,1.0891458
0.0,2.1139624
2.0,0.69568634
1.0,1.4790446
0.0,0.98737764
0.0,1.8819846
0.0,0.48933616
0.0,0.49478891
0.0,0.19881308
4.0,2.1555471
0.0,0.6431152
3.0,1.5554333
1.0,0.5707719
0.0,0.36101055
1.0,0.50024307
0.0,0.54587626
2.0,1.3630928
1.0,0.03821531
0.0,0.24105068
0.0,0.12159127
0.0,0.43552527
1.0,1.087536
0.0,0.51983815
0.0,0.3559789
2.0,1.0898736
0.0,0.48277432
1.0,0.22740607
0.0,0.18701942
0.0,-0.012851089
0.0,0.341676
0.0,0.789238
0.0,0.25004512
2.0,2.6359065
2.0,0.2127154
1.0,1.5294135
4.0,0.417134
0.0,0.22003342
2.0,1.8399997
0.0,1.1571754
0.0,1.765902
2.0,1.9072152
1.0,0.5623831
1.0,1.6886648
0.0,0.16992888
0.0,0.19156832
0.0,0.11939219
0.0,0.24759898
1.0,0.8726051
0.0,0.25731748
4.0,0.40021417
0.0,0.7985202
1.0,0.22931108
0.0,1.6895629
0.0,0.85070217
1.0,0.09221238
0.0,1.0064894
1.0,0.25659573
0.0,0.34064433
1.0,1.3227785
1.0,0.6135598
1.0,1.338873
0.0,0.3407444
0.0,0.4756132
1.0,0.37790647
0.0,0.08389667
3.0,0.773121
0.0,1.2389705
0.0,0.07001972
0.0,0.35925552
0.0,0.3396507
0.0,0.07694811
0.0,0.25505573
3.0,0.5974592
0.0,0.59563875
1.0,1.3969848
0.0,0.94275546
4.0,1.8281689
1.0,1.2786186
0.0,1.9235243
2.0,1.936527
1.0,0.55385876
1.0,1.2833945
2.0,1.7991817
0.0,0.620839
1.0,0.20819737
0.0,0.23659179
1.0,1.5462933
0.0,0.09769997
1.0,0.64549375
0.0,0.3011787
4.0,0.99233747
3.0,2.0276399
1.0,0.96426344
0.0,0.3281733
0.0,0.7641769
0.0,0.961329
0.0,0.37817547
0.0,1.5924296
0.0,1.1169329
1.0,0.28415895
0.0,1.9354731
0.0,1.2960119
0.0,0.6685536
1.0,0.19810286
0.0,0.30338728
0.0,0.22194786
1.0,1.5778443
1.0,0.08264956
2.0,0.82723856
2.0,1.3314766
1.0,0.27642453
2.0,2.2116184
1.0,0.36794832
0.0,1.176776
0.0,0.48881105
0.0,0.44360256
0.0,0.5379354
1.0,0.06771773
2.0,1.5150925
0.0,0.1705397
0.0,1.1662287
1.0,0.36577675
0.0,0.16631562
0.0,0.21835096
3.0,1.2663331
4.0,2.1394324
0.0,0.35722968
0.0,0.1991744
0.0,0.16594368
1.0,0.26016808
0.0,0.88807666
3.0,1.3849759
2.0,1.2232499
0.0,0.16587722
4.0,1.7131317
1.0,1.3935113
1.0,0.35936624
0.0,0.18139929
4.0,0.34838513
0.0,-0.014129996
0.0,0.32107696
2.0,1.6373649
4.0,1.7343324
0.0,0.74006844
1.0,0.26436636
1.0,1.9412123
0.0,0.0038703382
0.0,0.30110484
0.0,1.0921588
4.0,1.59483
0.0,0.085279584
1.0,0.43061337
0.0,0.26933223
0.0,1.2808859
0.0,0.061754733
0.0,1.7435315
4.0,1.4404881
1.0,0.8258858
2.0,1.2942685
3.0,1.7470742
0.0,0.56284887
1.0,0.22806686
0.0,1.6149384
0.0,0.028504044
1.0,0.24226518
0.0,0.31849185
1.0,1.2913913
1.0,0.005089253
1.0,0.56084013
0.0,0.11074999
3.0,0.43689984
0.0,0.20675829
0.0,0.26532748
0.0,0.21395218
3.0,1.5135635
2.0,1.0826077
1.0,0.22239847
0.0,2.1648903
0.0,0.8426998
2.0,1.8413497
0.0,1.3205185
0.0,0.9385259
0.0,0.19231112
0.0,0.25104707
1.0,1.4725567
0.0,0.15729398
4.0,2.4520936
0.0,-0.011327118
0.0,1.3360438
4.0,1.4396763
0.0,0.8382225
1.0,0.92492676
1.0,0.26198366
0.0,0.16360235
0.0,0.31344384
0.0,0.7642571
0.0,0.2739198
3.0,1.3718665
0.0,-0.006558329
0.0,0.16408211
0.0,1.0180398
0.0,0.06425187
0.0,0.25579697
0.0,0.95587516
1.0,0.51231414
0.0,0.29390645
1.0,2.4373164
0.0,0.9670805
0.0,0.24000612
1.0,0.018008202
0.0,1.2693088
0.0,1.4321101
1.0,0.67253125
0.0,0.05772838
0.0,0.65436566
0.0,0.45671016
1.0,1.8603736
0.0,0.1809464
0.0,0.14188674
2.0,1.381908
0.0,0.21079227
0.0,0.36223912
0.0,1.0359102
1.0,1.0174685
0.0,0.33551866
0.0,0.016057998
0.0,0.1511856
3.0,0.64968055
0.0,0.073794425
1.0,0.35525012
1.0,0.2663926
0.0,0.24635926
0.0,0.051688403
1.0,0.35285166
0.0,0.34868354
0.0,0.9231118
0.0,0.46758464
0.0,0.9473574
4.0,0.5128378
1.0,0.25271335
2.0,1.8849851
1.0,0.9054022
3.0,1.5822973
0.0,1.2600155
0.0,0.1670824
2.0,1.3682528
0.0,1.1866797
1.0,0.5800942
1.0,0.21518259
0.0,0.89839816
0.0,0.55647033
1.0,0.022103697
1.0,0.1744493
1.0,0.047689408
0.0,0.04969725
0.0,0.2445251
1.0,1.3327025
0.0,-0.0010687411
2.0,1.9197038
0.0,0.85290253
0.0,0.16232648
0.0,1.2491978
1.0,1.327612
0.0,0.9949837
0.0,0.25031793
1.0,1.4884984
1.0,1.396423
0.0,0.41359186
0.0,0.10838354
0.0,0.7769693
3.0,0.78671706
1.0,1.2912158
0.0,0.16207513
0.0,0.86966264
0.0,0.031169504
0.0,0.3424295
1.0,2.157643
1.0,1.17654
0.0,0.28965998
1.0,1.0178573
3.0,0.2681865
0.0,1.2022258
2.0,2.012332
1.0,0.3249153
1.0,0.23282003
0.0,0.20011218
0.0,0.65433234
1.0,1.240662
1.0,0.2961788
1.0,0.3419795
0.0,0.24160266
0.0,0.26663506
4.0,1.5888909
1.0,0.33374485
0.0,0.26126784
0.0,0.30793917
0.0,0.26013225
0.0,1.2940266
2.0,1.8821084
0.0,0.26687548
0.0,1.1448145
1.0,0.29174566
1.0,0.16051313
1.0,0.67756116
2.0,1.7761551
0.0,0.22659108
0.0,0.23505783
4.0,1.9769118
1.0,1.0928943
1.0,0.97015357
0.0,1.2313555
0.0,0.057629555
0.0,0.2774058
3.0,1.4189091
2.0,1.6188089
0.0,-0.07842526
0.0,0.5362723
1.0,1.3957486
0.0,0.17061031
1.0,0.28045493
0.0,0.336326
0.0,0.09237653
1.0,0.31731206
0.0,1.7882001
1.0,0.73185396
2.0,1.6211375
4.0,2.6154943
4.0,1.4855168
0.0,0.23322721
2.0,1.4051616
3.0,1.1050522
0.0,0.13443947
1.0,0.38644156
0.0,0.24546787
0.0,0.68520606
3.0,2.5457253
4.0,2.5048475
0.0,0.23469095
0.0,1.5040021
0.0,-0.007971436
1.0,0.38224527
3.0,1.5796211
0.0,0.60085845
0.0,1.0628679
0.0,0.23144107
2.0,1.4462823
0.0,0.080153435
0.0,0.24853024
0.0,0.83165
0.0,0.062426537
4.0,2.068987
1.0,1.2707579
0.0,-0.014280468
0.0,0.08708528
0.0,0.53102636
0.0,0.54008836
3.0,0.7989609
0.0,0.25763172
0.0,0.33861995
0.0,0.5978389
3.0,1.1903155
0.0,1.0010824
0.0,0.18320611
1.0,0.10841408
0.0,1.0969443
2.0,1.8930111
2.0,2.0118763
0.0,0.29643863
1.0,0.52526915
0.0,0.8729884
0.0,0.2111477
3.0,1.4730291
2.0,1.6317009
1.0,0.22478166
0.0,3.2023945
1.0,0.28226584
0.0,0.5723595
2.0,0.4935053
0.0,0.33054158
1.0,0.45758995
0.0,0.8401221
0.0,0.3557149
0.0,-0.030299962
0.0,0.34082207
1.0,0.87682736
1.0,0.72478664
0.0,1.8211439
2.0,1.021123
0.0,1.026654
2.0,1.213786
0.0,0.4085778
0.0,0.076200575
0.0,0.03947398
0.0,0.21829793
0.0,0.3556834
1.0,0.22803481
0.0,0.043055505
0.0,0.21827628
1.0,0.823103
2.0,0.5302832
0.0,0.792642
0.0,0.016504347
0.0,-0.003544122
1.0,0.8587479
0.0,1.1327081
0.0,0.35519904
3.0,1.2758077
0.0,0.07637784
1.0,0.68531513
3.0,0.6730755
1.0,1.0917389
1.0,0.65937936
2.0,1.5348613
0.0,0.10645062
0.0,1.1857909
0.0,1.0493431
0.0,0.17618491
0.0,0.2048946
1.0,0.9722544
2.0,1.4033002
0.0,0.3498481
0.0,0.33275858
0.0,1.0725228
1.0,1.1333619
0.0,0.6732619
2.0,1.7836059
0.0,0.2475303
0.0,0.7099173
0.0,0.116062194
0.0,0.07056627
1.0,1.638244
0.0,0.15385312
0.0,0.24931137
1.0,0.98917854
0.0,2.1041112
0.0,1.1478205
0.0,0.24081305
3.0,0.86606574
1.0,1.429596
2.0,0.15319577
1.0,0.32197374
0.0,0.12932792
0.0,-0.0036693513
0.0,0.2831085
0.0,0.09104028
1.0,0.32976976
2.0,1.6447335
1.0,0.88748753
0.0,0.112780064
0.0,1.4727416
0.0,0.3971281
4.0,1.9144225
0.0,0.016574472
0.0,1.1344602
0.0,0.4817778
1.0,0.32812256
0.0,0.77076113
0.0,0.15008023
3.0,0.32405454
3.0,1.1923604
1.0,0.7284474
0.0,0.23653585
1.0,0.88958514
0.0,0.25534377
0.0,0.4369272
0.0,0.28129607
1.0,0.25890082
1.0,0.8835324
0.0,1.7670432
0.0,1.9309952
0.0,-0.0014915764
0.0,-0.03216952
0.0,0.2814182
2.0,0.79689693
2.0,0.85838664
1.0,0.22659464
0.0,0.18020085
0.0,1.0666505
0.0,0.054959297
1.0,1.2195896
2.0,0.5556021
3.0,1.2358116
1.0,0.8543904
0.0,0.021869808
3.0,1.8068265
0.0,0.25679082
0.0,0.15526995
0.0,0.097923696
0.0,0.162229
0.0,0.27201584
0.0,0.23491937
0.0,0.016634017
4.0,0.6388694
1.0,1.7547514
0.0,0.068746746
0.0,0.6434939
1.0,0.35737047
0.0,0.44088206
0.0,0.393192
2.0,0.29227728
0.0,0.14323035
0.0,1.0386623
0.0,0.74526966
1.0,0.35850823
0.0,0.15098256
4.0,1.0253558
2.0,1.7368263
0.0,0.21384905
3.0,0.9988589
2.0,1.2725658
0.0,0.37597218
0.0,0.2629692
0.0,0.7527824
0.0,2.2701318
1.0,0.66792744
1.0,1.3855599
0.0,0.8566798
0.0,0.3368982
0.0,0.3179263
0.0,0.279671
0.0,1.7030059
0.0,1.0726542
1.0,0.41879535
1.0,2.1017613
0.0,0.2558275
4.0,0.5201454
1.0,0.08502492
0.0,0.2634722
0.0,0.34154946
0.0,0.24584332
3.0,0.4185212
0.0,0.8758354
0.0,0.0019178092
0.0,0.1112605
0.0,0.8288427
0.0,0.8515538
1.0,1.092892
1.0,0.22936721
0.0,0.2835852
0.0,0.22747649
0.0,0.44554096
0.0,0.145116
2.0,0.41299006
0.0,0.27189633
1.0,0.7932664
2.0,1.7214131
0.0,0.2548496
0.0,0.07574606
3.0,1.4822011
1.0,1.4519283
0.0,0.18540381
0.0,1.4044826
0.0,0.1421515
0.0,0.5866385
2.0,1.9134951
3.0,1.5077647
0.0,0.9595839
1.0,0.38160026
0.0,0.28821114
0.0,1.1191584
2.0,1.5148916
1.0,0.38525724
1.0,1.134257
2.0,1.7366772
0.0,0.0854992
1.0,0.26387474
0.0,0.79113245
1.0,0.63561594
2.0,1.5009745
0.0,0.24827884
0.0,0.624605
2.0,1.7416054
1.0,0.8903197
0.0,0.09612501
4.0,1.6987375
0.0,0.33464658
0.0,0.21344483
0.0,0.42878246
2.0,1.376231
0.0,0.7139168
1.0,0.2701546
0.0,1.0095686
0.0,0.13925204
0.0,0.33317345
0.0,0.23680802
0.0,1.3096654
0.0,0.42936558
0.0,0.04532817
0.0,0.04404652
0.0,1.3930717
0.0,1.5468559
0.0,0.4842718
0.0,0.2422219
0.0,0.2682171
4.0,0.926973
0.0,0.2810441
0.0,1.1949322
1.0,0.12640211
0.0,-0.14476612
0.0,0.11307055
0.0,0.20626289
0.0,0.36203524
0.0,0.63403106
0.0,0.398569
0.0,0.5045383
1.0,0.28056896
2.0,1.269816
3.0,1.3004086
0.0,0.2772647
0.0,0.1431706
2.0,1.4253651
3.0,1.2555741
0.0,0.21108513
1.0,0.47960693
0.0,0.8339854
1.0,0.12029818
2.0,1.6958977
3.0,1.4326271
1.0,0.36384207
0.0,0.25299168
1.0,1.6083441
0.0,0.2639376
1.0,0.28706667
0.0,0.9335091
1.0,0.20671487
1.0,0.15477702
1.0,1.1651319
0.0,-0.03243175
1.0,1.0197009
1.0,0.31442067
0.0,0.24130037
0.0,1.1926389
2.0,1.3837925
3.0,1.5827357
0.0,0.84610486
2.0,0.81661665
0.0,1.4974375
0.0,0.40277138
2.0,1.9227525
3.0,0.2885108
0.0,0.7561629
3.0,1.1534721
0.0,0.33393976
0.0,0.044042796
0.0,0.19983172
0.0,0.4210305
0.0,0.27110717
0.0,0.0304434
0.0,0.15300223
0.0,0.23312376
2.0,1.1209464
0.0,0.5099283
1.0,0.24723336
0.0,0.25421053
1.0,1.0851779
2.0,0.71734065
0.0,0.6582495
1.0,0.4423517
0.0,0.13099504
0.0,0.24860364
2.0,0.6708998
0.0,0.15053615
0.0,0.25047183
3.0,1.2943906
0.0,0.9925772
0.0,0.123520404
1.0,0.16816533
0.0,0.8934766
0.0,1.140257
1.0,0.3394411
1.0,1.9514914
0.0,0.10000911
0.0,0.6806865
0.0,0.06410065
0.0,0.194366
4.0,0.952284
0.0,0.31285226
0.0,1.4790524
0.0,0.11882943
0.0,0.06507057
0.0,0.33909497
1.0,0.61034
0.0,0.24565618
3.0,1.4284177
0.0,0.07150689
0.0,0.21572602
0.0,0.043040574
0.0,0.33042124
0.0,0.28839046
0.0,0.100746006
0.0,0.46782982
0.0,1.4591031
0.0,0.6483581
1.0,0.676492
0.0,0.32934228
1.0,1.1855956
0.0,0.028130144
0.0,0.97273517
0.0,0.18783368
1.0,1.3538861
1.0,0.28626823
0.0,0.0008164942
0.0,0.328137
1.0,0.59569633
1.0,0.6086203
0.0,0.080237925
1.0,1.8391697
1.0,0.20827313
2.0,1.782489
1.0,0.7171488
0.0,0.27312446
4.0,1.2972245
0.0,0.28954458
0.0,1.2083224
3.0,1.576104
0.0,0.07127711
0.0,0.17711987
1.0,0.019814342
0.0,0.40442193
0.0,0.16831753
0.0,0.100123346
0.0,0.007570237
0.0,0.55602634
0.0,0.8516495
0.0,0.24393359
1.0,0.15172002
2.0,1.9405159
0.0,0.54071254
1.0,1.7356062
0.0,1.2532253
0.0,0.18143982
0.0,0.27951288
0.0,0.3108851
0.0,0.25940263
0.0,0.29704514
0.0,0.55042845
2.0,1.5724663
1.0,1.1608253
3.0,1.3304462
2.0,1.2526733
0.0,0.06366858
0.0,0.12229788
0.0,-0.43460575
0.0,0.29556918
1.0,0.33554417
0.0,0.28693122
4.0,1.2510513
4.0,1.8786883
4.0,2.8125908
1.0,0.4961554
1.0,1.2249953
3.0,2.685125
1.0,0.4216372
1.0,0.26694858
0.0,1.9871433
1.0,0.3328601
2.0,1.2963839
3.0,1.0380219
2.0,2.7637033
1.0,1.1200317
1.0,1.710878
0.0,0.0701755
1.0,1.1109221
0.0,0.72597575
0.0,0.76024485
3.0,0.7318014
1.0,0.441841
4.0,0.7465402
2.0,0.7379205
0.0,0.25385976
1.0,1.2640258
1.0,0.27665687
1.0,0.8108281
2.0,0.18398245
0.0,1.0358716
0.0,0.19127671
2.0,1.7643852
0.0,0.45017305
1.0,1.2842795
3.0,1.5252811
0.0,0.073910505
2.0,0.84184337
2.0,1.9224672
0.0,1.4509872
3.0,0.16316056
0.0,0.21036358
2.0,1.1189978
0.0,0.3119872
0.0,0.31128848
0.0,0.18602249
0.0,1.4790139
1.0,0.31581014
0.0,0.11096993
1.0,0.13294393
4.0,0.9582226
0.0,0.23959322
4.0,1.9707855
0.0,1.146539
0.0,0.113361865
0.0,0.29723486
0.0,0.36885154
0.0,0.24124712
0.0,0.31111106
1.0,0.14266902
0.0,0.18105036
2.0,1.8095415
3.0,1.3006097
0.0,0.32802865
0.0,0.24585569
0.0,0.20907159
0.0,0.019257396
0.0,0.42208895
0.0,1.1397941
0.0,0.15415087
1.0,1.2301179
0.0,0.400561
0.0,0.7030319
2.0,1.1184461
0.0,0.81745684
2.0,1.2667762
3.0,1.8920949
0.0,0.18531081
1.0,0.27267325
0.0,0.688023
0.0,0.40590984
0.0,0.9404161
0.0,0.4526749
1.0,0.71129644
0.0,0.6434783
2.0,0.8311781
1.0,0.3382432
0.0,0.22220187
2.0,1.5533059
0.0,0.034252048
1.0,0.95160854
0.0,0.8367653
0.0,0.073544174
0.0,0.280833
3.0,0.9953283
4.0,1.2800107
1.0,0.24715778
0.0,0.06379226
1.0,0.9768063
0.0,0.006086558
0.0,0.5104008
1.0,2.031018
0.0,0.14243966
4.0,2.2912536
0.0,0.3170962
0.0,0.2501486
0.0,0.33930558
